rgn_id,year,value
1,2013,0.176794530171901
2,2013,0.03591033606790006
3,2013,0.18155141663737595
4,2013,0.023156896699219942
5,2013,0.11863782927393914
6,2013,0.14603088912554085
7,2013,0.05863882414996624
8,2013,0.1867118808440864
